{
  "name": "ngFlic",
  "description": "An AngularJS factory providing access to the Flic SDK",
  "keywords": [
    "angularjs",
    "angular",
    "flic",
    "smart",
    "button",
    "sdk"
  ],
  "ignore": [],
  "version": "0.0.3",
  "main": "dist/ngFlic.js",
  "license": "Apache 2.0",
  "authors": [
    {
      "name": "jguix"
    }
  ],
  "dependencies": {},
  "devDependencies": {
    "angular": "latest"
  },
  "homepage": "https://github.com/jguix/ngFlic",
  "_release": "0.0.3",
  "_resolution": {
    "type": "version",
    "tag": "0.0.3",
    "commit": "df4ef0203c9ac58d4435513620c5feec0dac2d5b"
  },
  "_source": "https://github.com/jguix/ngFlic.git",
  "_target": "~0.0.3",
  "_originalSource": "ngFlic",
  "_direct": true
}